{
  "hpo_best": {
    "A_params": {
      "n_estimators": 600,
      "lr": 0.03,
      "rs": 42
    },
    "B_params": {
      "n_estimators": 1000,
      "lr": 0.05,
      "max_depth": 6,
      "rs": 42
    },
    "w": 0.0,
    "iA": 600,
    "iB": 1000,
    "thr": 0.58,
    "Ta": 1.0,
    "Tb": 1.0,
    "F1": 0.7789611908087613,
    "ACC": 0.7802395209580838,
    "ROC_AUC": 0.8528461913208404,
    "PR_AUC": 0.8717373845365795
  },
  "n_features": {
    "A": 13,
    "B": 271
  }
}