{
  "ensemble": {
    "w": 0.0,
    "f1": 0.8012786361214704,
    "acc": 0.7766467065868263
  },
  "stack_metrics": {
    "roc_auc": 0.8449719479175251,
    "pr_auc": 0.8630615834725941,
    "f1": 0.7896160086533262,
    "acc": 0.767065868263473
  },
  "n_features_full": 125,
  "n_features_A": 12
}